Rank,Title,R,Time,Score,Eff,BPM,N,NPS,SR
#809,簸撙Sunflower?,13,129,6.33,2.39,164,231,1.8,0.35
#936,イマジネ`ション?,9,120,6.01,2.4,204,162,1.3,0.38
#207,キズナミュ`ジック??,24,92,7.71,3.79,189,529,5.7,0.49
#410,ロミオとシンデレラ?,18,114,6.93,2.89,170,479,4.2,0.42
#167,君に届け?,25,119,7.39,2.97,144,732,6.1,0.4
#1036,s束?,7,112,5.93,2.5,123,113,1,0.4
#446,"Don't say ""lazy""?",18,127,7.06,2.7,181,505,4,0.4
#988,ロミオとシンデレラ?,7,114,5.93,2.47,170,136,1.2,0.39
#891,エクストラ?マジック?アワ`?,8,97,6.17,2.91,180,142,1.5,0.44
#668,上海ハニ`?,13,104,6.47,2.89,130,254,2.4,0.42
#831,Sanctuary?,9,126,6.02,2.32,182,213,1.7,0.38
#219,エイリアンエイリアン?,25,113,7.83,3.28,152,641,5.7,0.48
#178,ブル`バ`ド?,25,100,7.67,3.53,152,605,6,0.46
#924,アニバ`サリ`?,8,117,6.12,2.51,170,160,1.4,0.42
#788,回レ！雪月花?,10,99,6.46,3,160,188,1.9,0.46
#653,Opera of the wasteland?,14,113,6.28,2.64,135,281,2.5,0.36
#708,コレカラ?,13,91,6.83,3.38,162,208,2.3,0.5
#453,Jumpin'?,20,94,7.78,3.78,195,370,4,0.58
#855,Don't be afraid!?,12,120,5.98,2.38,180,192,1.6,0.34
#1061,キミの?,6,130,5.65,2.12,114,104,0.8,0.35
#715,Home Street?,13,98,6.98,3.26,210,220,2.2,0.53
#603,BRAVE JEWEL?,14,93,7.05,3.45,192,255,2.8,0.53
#699,DAYS?,13,128,6.08,2.31,135,297,2.3,0.32
#576,うぃ`きゃん☆フレフレっ！?,15,99,6.79,3.15,180,289,2.9,0.45
#880,-HEROIC ADVENT-?,9,104,6.08,2.73,182,156,1.5,0.41
#21,[FULL] ON YOUR MARK?,27,241,5.29,1.17,185,1895,7.9,0.2
#976,E?,11,136,5.82,2.11,85,169,1.2,0.31
#726,That Is How I Roll!?,13,103,6.42,2.89,180,224,2.2,0.4
#402,金色へのプレリュ`ド?,18,108,7.06,3.06,175,461,4.3,0.45
#275,せかいのっびのびトレジャ`！?,20,107,7.27,3.17,85,553,5.1,0.46
#559,はなまるぴっぴはよいこだけ?,14,105,6.86,3.05,172,318,3,0.48
#533,E?,21,136,6.67,2.42,85,449,3.3,0.33
#757,ゴ`カ！ご`かい！？ファントムシ`フ！?,14,102,6.8,3.09,215,207,2,0.43
#1026,READY STEADY GO?,7,102,5.78,2.63,144,107,1.1,0.36
#415,Neo-Aspect?,19,117,7.17,2.93,180,489,4.2,0.46
#52,プライド革命?,26,107,7.65,3.35,185,777,7.3,0.43
#1030,Sasanqua?,7,103,5.6,2.52,198,108,1,0.32
#796,1/3の情な感情?,13,102,6.58,2.99,152,189,1.9,0.45
#1010,クリスマスのうた?,8,130,5.87,2.2,138,147,1.1,0.37
#544,SURVIVOR ねば`ぎぶあっぷ！?,15,109,6.37,2.76,200,343,3.2,0.36
#286,ファティマ?,20,96,7.45,3.55,179,480,5,0.5
#656,ロミオとシンデレラ?,14,114,6.28,2.62,170,282,2.5,0.36
#359,ロキ?,19,109,7.22,3.12,150,491,4.5,0.47
#854,[FULL] きゅ?まい＊flower?,10,218,4.32,1.05,183,348,1.6,0.2
#377,p色の空?,18,109,6.9,2.97,169,483,4.4,0.41
#661,Neo-Aspect?,14,117,6.62,2.71,180,287,2.5,0.43
#975,恋は沌の_也?,7,107,5.55,2.43,158,134,1.3,0.31
#238,SAKURA MEMORIES?,25,119,7.5,3.01,176,651,5.5,0.42
#638,The Everlasting Guilty Crown?,15,132,6.34,2.35,172,340,2.6,0.35
#986,名前のない怪物?,7,116,6.19,2.54,180,139,1.2,0.46
#1039,}のアクエリオン?,7,112,5.76,2.44,152,108,1,0.36
#355,世界は恋に落ちている?,23,116,7.21,2.95,130,527,4.5,0.4
#969,Yes! BanG_Dream!?,10,120,6.48,2.59,185,153,1.3,0.46
#212,二重の虹（ダブル レインボウ）?,25,109,7.58,3.27,188,623,5.7,0.44
#393,大盛り一丁！ガルパ☆ピコ?,19,112,6.94,2.93,163,481,4.3,0.41
#734,激?,13,111,6.3,2.69,113,236,2.1,0.38
#255,Paradisus-Paradoxum?,20,94,7.34,3.54,201,500,5.3,0.48
#744,ドリ`ムパレ`ド?,13,108,6.67,2.91,172,223,2.1,0.44
#797,B.O.F?,12,95,6.71,3.23,175,175,1.8,0.5
#547,Hello! Wink!?,15,100,6.77,3.12,152,315,3.1,0.45
#324,インフェルノ?,19,110,6.94,2.96,185,523,4.7,0.41
#720,嵘スタ`マイン?,14,119,6.66,2.69,187,262,2.2,0.45
#1056,Re:birth day?,7,124,5.37,2.09,170,101,0.8,0.27
#496,ゆら?ゆらRing-Dong-Dance?,18,105,6.53,2.89,172,389,3.7,0.35
#942,花@荪タ`！！！?,10,106,6.11,2.7,188,142,1.3,0.4
#780,切ないSandglass?,13,111,6.44,2.74,183,216,1.9,0.42
#353,アスノヨゾラ哨戒班?,19,95,7.27,3.48,185,433,4.5,0.49
#443,Light Delight?,20,123,7.06,2.77,180,491,4,0.42
#176,Neo-Aspect?,26,117,7.68,3.14,180,707,6.1,0.44
#425,Re:birth day?,19,124,6.75,2.62,170,514,4.1,0.33
#928,す、好きなんかじゃない！?,8,98,6.12,2.88,166,133,1.4,0.43
#131,B.O.F?,25,95,8.05,3.87,175,612,6.5,0.53
#445,簸膜iく瞬gに！?,17,92,7.17,3.52,203,368,4,0.5
#774,メリッサ?,13,112,6.43,2.71,170,221,2,0.41
#1064,しゅわりん☆どり～みん?,6,102,5.81,2.63,176,79,0.8,0.39
#819,Hacking to the Gate?,12,100,6.62,3.06,161,175,1.8,0.46
#205,全力少年?,25,106,7.73,3.42,134,608,5.7,0.47
#470,SAKURA MEMORIES?,17,119,6.84,2.75,176,458,3.8,0.42
#499,ドリ`ムパレ`ド?,18,108,7.25,3.16,172,394,3.7,0.46
#475,シャルル?,18,98,7.3,3.43,145,373,3.8,0.51
#430,DISCOTHEQUE?,18,100,7.2,3.33,143,411,4.1,0.48
#1011,簸膜iく瞬gに！?,7,92,6.04,2.97,203,104,1.1,0.44
#851,はなまる◎アンダンテ?,8,109,5.99,2.59,166,174,1.6,0.4
#1029,ゴ`カ！ご`かい！？ファントムシ`フ！?,7,102,6.55,2.98,215,107,1,0.45
#19,Hey-day狂X曲(カプリチオ)?,28,111,7.92,3.37,158,878,7.9,0.45
#879,Dragon Night?,11,111,6.36,2.7,124,168,1.5,0.43
#919,キミの?,11,130,6.16,2.3,114,180,1.4,0.39
#561,This game?,15,122,6.45,2.54,147,370,3,0.37
#1025,Returns?,7,132,5.75,2.13,185,140,1.1,0.35
#630,アイのシナリオ?,14,106,6.68,2.95,180,278,2.6,0.44
#155,魂のルフラン?,26,153,6.9,2.27,130,951,6.2,0.28
#270,NO GIRL NO CRY?,24,113,7.28,3.05,190,587,5.2,0.4
#365,ランブリングメモリ`?,23,117,7.2,2.93,125,526,4.5,0.4
#1077,LOUDER?,7,110,5.79,2.48,195,67,0.6,0.37
#958,ゆら?ゆらRing-Dong-Dance?,9,105,5.66,2.51,172,137,1.3,0.31
#785,ティアドロップス?,13,150,6.12,2.04,190,288,1.9,0.34
#885,Butter-Fly?,11,117,6.26,2.56,171,172,1.5,0.4
#456,Sanctuary?,18,126,6.62,2.54,182,494,3.9,0.36
#950,嵘スタ`マイン?,10,119,6.02,2.43,187,157,1.3,0.38
#301,ぽっぴん'しゃっふる?,22,133,6.59,2.43,220,651,4.9,0.29
#740,わちゃ?もちゃ?ぺったん行M曲?,13,118,6.26,2.54,160,246,2.1,0.37
#215,もういちど ルミナス?,25,116,7.5,3.09,169,660,5.7,0.42
#736,荬蓼挨欹恁蕙螗匹％氓?,12,112,6.13,2.6,170,237,2.1,0.36
#965,SAKURAスキップ?,8,105,6.03,2.68,165,135,1.3,0.4
#560,p色の空?,15,109,6.48,2.79,169,332,3,0.38
#217,おもいでイルミネ`ション?,25,106,7.57,3.35,165,600,5.7,0.44
#437,Legendary (English Version)?,18,93,7.32,3.58,144,376,4.1,0.51
#289,[FULL] きゅ?まい＊flower?,20,218,4.95,1.2,183,1082,5,0.21
#218,回レ！雪月花?,21,99,7.44,3.46,160,563,5.7,0.48
#925,Opera of the wasteland?,8,113,5.87,2.46,135,155,1.4,0.37
#826,_けたらDream!?,9,120,5.99,2.39,140,204,1.7,0.37
#421,クインティプル☆すまいる?,18,110,6.97,2.98,173,459,4.2,0.43
#657,夏のド`ン！?,14,110,6.84,2.93,160,273,2.5,0.48
#360,走り始めたばかりのキミに?,25,118,7.62,3.09,125,531,4.5,0.45
#500,Ringing Bloom?,16,121,6.52,2.58,195,442,3.6,0.37
#769,チョコレイトの低音レシピ?,13,120,6.11,2.44,96,239,2,0.34
#632,ハイファイブ∞あどべんちゃっ?,14,118,6.46,2.63,198,307,2.6,0.4
#326,CiRCLING?,18,120,6.63,2.65,160,569,4.7,0.35
#992,ディスカバリ`！?,7,111,6.28,2.67,172,132,1.2,0.48
#926,秒をyむ?,8,111,6.17,2.63,130,152,1.4,0.43
#18,SURVIVOR ねば`ぎぶあっぷ！?,26,109,7.53,3.26,200,868,8,0.4
#690,きゅ?まい＊flower?,14,93,6.62,3.24,183,216,2.3,0.44
#527,天ノ弱?,15,111,6.54,2.79,200,370,3.3,0.39
#184,恋は沌の_也?,20,107,7.19,3.15,158,641,6,0.44
#723,ハッピ`サマ`ウェディング?,14,111,6.45,2.75,128,241,2.2,0.39
#611,花ハ踊レヤいろはにほ?,14,106,6.52,2.88,160,288,2.7,0.41
#195,tの弓矢?,25,99,7.95,3.7,181,579,5.9,0.52
#1071,空色デイズ?,5,105,5.82,2.59,174,71,0.7,0.38
#502,FIRE BIRD?,18,131,7.18,2.68,150,474,3.6,0.48
#956,メリッサ?,8,112,5.97,2.52,170,147,1.3,0.39
#283,Hello! Wink!?,20,100,7.27,3.35,152,505,5,0.46
#549,エイリアンエイリアン?,15,113,7.04,2.95,152,354,3.1,0.5
#569,アスノヨゾラ哨戒班?,15,95,6.75,3.23,185,283,3,0.45
#980,ときめきポポロン??,7,95,6.14,2.95,170,116,1.2,0.45
#193,Time Lapse?,26,124,7.65,2.98,192,728,5.9,0.43
#813,only my railgun?,9,105,6.3,2.8,143,186,1.8,0.45
#137,イマジネ`ション?,26,120,7.47,2.99,204,769,6.4,0.4
#1075,天体Qy?,7,112,5.93,2.51,165,70,0.6,0.37
#810,太曰く燃えよカオス?,9,98,6.14,2.87,143,176,1.8,0.41
#994,ゆりゆららららゆるゆり大事件?,7,103,6.03,2.72,175,122,1.2,0.41
#575,Redo?,14,97,6.82,3.21,190,285,2.9,0.48
#804,Daydream café?,10,109,6.17,2.67,150,198,1.8,0.4
#878,甲R忍法帖?,9,107,6.14,2.69,178,162,1.5,0.42
#1013,"Easy come, Easy go！?",7,108,6,2.61,135,121,1.1,0.41
#993,チェリボム?,7,106,5.88,2.59,190,126,1.2,0.39
#280,しゅわりん☆どり～みん?,24,102,7.27,3.29,176,520,5.1,0.4
#1034,ランブリングメモリ`?,7,117,5.82,2.37,125,120,1,0.37
#728,ときめきエクスペリエンス！?,13,107,6.26,2.75,180,231,2.2,0.37
#1003,世界は恋に落ちている?,7,116,5.84,2.39,130,137,1.2,0.38
#1032,パスパレボリュ`ションず☆?,7,105,6.75,3,174,109,1,0.54
#1065,走り始めたばかりのキミに?,7,118,6.13,2.48,125,89,0.8,0.45
#1060,正解はひとつ!じゃない!!?,7,107,6.07,2.66,170,86,0.8,0.37
#868,オトモダチフィルム?,9,101,6.23,2.85,158,157,1.6,0.44
#129,ゆりゆららららゆるゆり大事件?,25,103,7.9,3.57,175,667,6.5,0.5
#119,ディスカバリ`！?,25,111,7.65,3.26,172,729,6.6,0.44
#250,キミがいなくちゃっ！?,25,106,7.59,3.34,124,569,5.3,0.45
#172,君じゃなきゃダメみたい?,25,102,7.51,3.42,131,620,6.1,0.43
#118,Sasanqua?,26,103,7.64,3.44,198,678,6.6,0.43
#532,Alchemy?,17,119,6.94,2.79,165,395,3.3,0.39
#341,ピコっと！パピっと！！ガルパ☆ピコ！！！?,19,114,6.93,2.89,190,525,4.6,0.4
#507,Winking☆Cheer?,17,103,6.81,3.07,100,365,3.5,0.42
#738,s束?,13,112,6.43,2.71,123,236,2.1,0.41
#832,ハレ晴レユカイ?,9,140,5.72,2.02,172,235,1.7,0.31
#577,only my railgun?,15,105,6.75,3,143,305,2.9,0.45
#379,ゴ`カ！ご`かい！？ファントムシ`フ！?,19,102,7.42,3.38,215,448,4.4,0.46
#71,-HEROIC ADVENT-?,26,104,7.61,3.42,182,730,7,0.42
#114,COMIC PANIC!!!?,26,110,7.54,3.22,210,729,6.6,0.41
#199,[FULL] 二重の虹（ダブル レインボウ）?,26,245,5.03,1.1,188,1422,5.8,0.16
#863,天体Qy?,14,112,6.55,2.77,165,176,1.6,0.42
#384,B.O.F?,18,95,7.35,3.54,175,413,4.4,0.52
#368,嵘スタ`マイン?,20,119,7.24,2.92,187,529,4.5,0.46
#648,千本@?,14,101,6.67,3.05,154,256,2.5,0.45
#357,hい音S ～ハ`トビ`ト～?,18,112,6.83,2.88,168,507,4.5,0.4
#552,海色?,15,94,7.03,3.39,195,290,3.1,0.51
#175,簸膜iく瞬gに！?,25,92,7.64,3.75,203,559,6.1,0.47
#662,E?,16,136,6.24,2.26,85,333,2.5,0.32
#722,Jumpin'?,15,94,7.29,3.54,195,204,2.2,0.58
#935,キラキラだとか簸坤趣 ～Sing Girls～?,8,113,5.88,2.47,180,152,1.4,0.37
#1015,1/3の情な感情?,7,102,5.99,2.73,152,113,1.1,0.4
#960,Wake up!?,7,106,6.25,2.76,176,137,1.3,0.46
#60,千本@?,26,101,7.98,3.65,154,730,7.2,0.5
#629,キラキラだとか簸坤趣 ～Sing Girls～?,14,113,6.71,2.82,180,296,2.6,0.43
#672,Wake up!?,14,106,6.6,2.92,176,255,2.4,0.43
#498,夏のド`ン！?,17,110,7.09,3.03,160,406,3.7,0.48
#1,Ringing Bloom?,28,121,7.49,2.97,195,1094,9,0.36
#121,ロミオとシンデレラ?,25,114,7.47,3.12,170,744,6.5,0.4
#524,しゅわりん☆どり～みん?,17,102,7.02,3.18,176,348,3.4,0.42
#139,Daydream café?,25,109,7.62,3.29,150,696,6.4,0.44
#548,COMIC PANIC!!!?,15,110,6.88,2.94,210,346,3.1,0.47
#766,}のアクエリオン?,13,112,6.37,2.7,152,224,2,0.4
#959,Daylight -デイライト-?,8,122,5.81,2.29,185,159,1.3,0.34
#248,ETERNAL BLAZE?,25,114,7.84,3.27,155,609,5.3,0.47
#396,海色?,18,94,7.36,3.56,195,404,4.3,0.52
#654,ロストワンの号哭?,14,120,6.55,2.62,162,298,2.5,0.42
#309,パスパレボリュ`ションず☆?,25,105,7.69,3.42,174,511,4.9,0.47
#70,上海ハニ`?,25,104,7.6,3.4,130,737,7.1,0.43
#805,tの弓矢?,10,99,6.75,3.15,181,179,1.8,0.53
#239,Home Street?,25,98,8.07,3.77,210,536,5.4,0.54
#526,簸撙Sunflower?,17,129,6.74,2.55,164,434,3.4,0.38
#50,アスノヨゾラ哨戒班?,26,95,8.11,3.88,185,695,7.3,0.53
#537,切ないSandglass?,17,111,6.94,2.95,183,359,3.2,0.45
#441,ミライトレイン?,17,109,6.99,3.03,176,436,4,0.45
#454,ワクワクmeetsトリップ?,18,104,6.77,3.03,137,411,3.9,0.4
#252,はれやか すこやか ぴかりんりん??,20,101,7.3,3.33,230,540,5.3,0.47
#417,君に届け?,18,119,6.68,2.68,144,499,4.2,0.37
#816,にこ×にこ＝ハイパ`スマイルパワ`！?,9,107,5.95,2.6,190,189,1.8,0.36
#1051,True color?,6,123,5.41,2.12,160,112,0.9,0.39
#887,Scarlet Sky?,12,109,6.14,2.65,180,160,1.5,0.39
#208,READY STEADY GO?,24,102,7.58,3.45,144,584,5.7,0.45
#506,夏空 SUN! SUN! SEVEN!?,17,146,6.51,2.22,176,521,3.6,0.3
#909,夏祭り?,8,126,6.09,2.35,144,177,1.4,0.41
#89,天下ト`イツ A to Z☆?,25,91,8.18,4.05,153,622,6.8,0.55
#1066,もういちど ルミナス?,6,116,5.37,2.21,169,86,0.7,0.29
#888,BRAVE JEWEL?,8,93,6.34,3.1,192,136,1.5,0.48
#727,クインティプル☆すまいる?,13,110,6.53,2.79,173,239,2.2,0.43
#1069,E?,6,136,5.46,1.98,85,94,0.7,0.3
#710,Legendary?,13,111,6.43,2.74,144,252,2.3,0.41
#623,ゆりゆららららゆるゆり大事件?,14,103,6.82,3.08,175,272,2.6,0.48
#247,前へススメ！?,26,135,7.09,2.58,181,723,5.4,0.33
#977,ミライトレイン?,9,109,6.18,2.68,176,135,1.2,0.42
#839,Hey-day狂X曲(カプリチオ)?,10,111,6.48,2.76,158,184,1.7,0.47
#413,ノ`ポイッ！?,18,97,7.02,3.31,158,408,4.2,0.45
#635,ツナグ、ソラモヨウ?,14,106,6.56,2.89,192,275,2.6,0.42
#517,Butter-Fly?,18,117,6.67,2.73,171,405,3.5,0.36
#106,RED RED RED?,26,109,7.56,3.26,188,733,6.7,0.41
#42,檄！帝国A?,26,123,7.3,2.87,143,902,7.4,0.35
#10,God knows...?,28,128,7.68,2.91,150,1081,8.4,0.4
#400,みくみくにしてあげる?【してやんよ】?,18,103,6.83,3.08,160,439,4.3,0.4
#422,NO GIRL NO CRY?,18,113,6.79,2.85,190,470,4.2,0.4
#746,す、好きなんかじゃない！?,13,98,6.72,3.16,166,202,2.1,0.49
#943,ルカルカ★ナイトフィ`バ`?,8,128,5.67,2.16,160,171,1.3,0.33
#504,Returns?,17,132,6.62,2.45,185,473,3.6,0.37
#278,夏空 SUN! SUN! SEVEN!?,25,146,6.94,2.36,176,750,5.1,0.31
#213,ふわふわrg?,25,95,8.11,3.88,180,544,5.7,0.55
#164,Opera of the wasteland?,28,113,7.58,3.18,135,696,6.2,0.4
#427,Blessing Chord?,19,122,6.78,2.68,153,502,4.1,0.38
#105,天体Qy?,26,112,8.03,3.39,165,751,6.7,0.47
#8,ロストワンの号哭?,26,120,7.58,3.03,162,1026,8.5,0.4
#905,chAngE?,8,105,6.03,2.68,165,149,1.4,0.4
#317,Determination Symphony?,21,131,6.98,2.6,190,630,4.8,0.38
#556,回レ！雪月花?,15,99,6.83,3.17,160,303,3.1,0.46
#929,Legendary (English Version)?,8,93,6.54,3.2,144,126,1.4,0.53
#952,"Don't say ""lazy""?",8,127,5.94,2.27,181,167,1.3,0.38
#1070,1000回んだ空?,6,152,5.51,1.82,182,105,0.7,0.32
#588,奏（かなで）?,16,122,7.1,2.81,75,346,2.8,0.5
#827,名前のない怪物?,12,116,6.6,2.71,180,197,1.7,0.47
#856,God knows...?,10,128,6.05,2.3,150,204,1.6,0.37
#683,花@荪タ`！！！?,14,106,6.65,2.93,188,250,2.4,0.45
#12,ゼッタイ宣言?Recital??,27,109,8.02,3.46,177,921,8.4,0.48
#9,"Easy come, Easy go！?",26,108,7.87,3.43,135,910,8.5,0.46
#76,はなまるぴっぴはよいこだけ?,25,105,7.76,3.46,172,729,7,0.47
#63,tの弓矢?,27,99,8.33,3.88,181,707,7.2,0.55
#403,エクストラ?マジック?アワ`?,18,97,7.23,3.41,180,413,4.2,0.49
#673,Baby Sweet Berry Love?,13,105,6.55,2.92,170,252,2.4,0.44
#290,青い?,24,121,7.3,2.9,132,601,5,0.4
#825,最高（さあ行こう）！?,10,114,6.14,2.56,180,196,1.7,0.39
#324,COMIC PANIC!!!?,19,110,7.38,3.15,210,523,4.7,0.5
#798,前へススメ！?,13,135,6.49,2.36,181,249,1.8,0.36
#160,Reach Out To The Truth?,26,117,7.42,3.04,170,723,6.2,0.39
#162,プライド革命?,25,107,7.52,3.29,185,663,6.2,0.43
#1081,secret base～君がくれたもの～?,5,143,5.79,2,144,71,0.5,0.4
#434,ドレミファロンド?,18,108,6.95,3.03,125,439,4.1,0.43
#258,シルエット?,25,114,7.24,3.03,183,600,5.3,0.38
#875,Reach Out To The Truth?,9,117,5.98,2.45,170,177,1.5,0.37
#34,キラキラだとか簸坤趣 ～Sing Girls～?,26,113,7.45,3.13,180,839,7.5,0.39
#1033,hい音S ～ハ`トビ`ト～?,7,112,5.78,2.44,168,116,1,0.37
#539,新宝u?,17,128,6.84,2.6,158,412,3.2,0.43
#77,ハッピ`サマ`ウェディング?,26,111,7.57,3.23,128,768,6.9,0.41
#541,Paradisus-Paradoxum?,15,94,6.79,3.28,201,302,3.2,0.46
#519,だまりロ`ドナイト?,17,119,6.63,2.67,143,413,3.5,0.37
#655,-HEROIC ADVENT-?,14,104,6.63,2.98,182,257,2.5,0.44
#732,Legendary (English Version)?,13,93,6.75,3.3,144,199,2.1,0.49
#818,上海ハニ`?,9,104,6.1,2.73,130,183,1.8,0.4
#1031,夏空 SUN! SUN! SEVEN!?,8,146,5.86,2,176,152,1,0.36
#37,This game?,27,122,7.62,3,147,907,7.4,0.4
#897,Red fraction?,8,107,5.95,2.6,142,155,1.4,0.38
#183,アニバ`サリ`?,25,117,7.61,3.11,170,698,6,0.44
#697,おもいでイルミネ`ション?,13,106,6.54,2.9,165,245,2.3,0.44
#724,シルエット?,14,114,6.17,2.58,183,247,2.2,0.34
#616,CiRCLING?,14,120,6.32,2.53,160,324,2.7,0.36
#328,イマジネ`ション?,20,120,6.88,2.75,204,567,4.7,0.38
#304,きゅ?まい＊flower?,19,93,7.46,3.65,183,452,4.9,0.52
#1020,春Mき?,7,102,6.35,2.88,174,111,1.1,0.49
#593,UNION?,14,125,6.13,2.38,181,350,2.8,0.32
#850,キミにもらったもの?,13,105,6.3,2.79,147,169,1.6,0.39
#369,[FULL] えがお?シング?あ?ソング?,20,248,4.72,1.02,150,1103,4.4,0.15
#1054,プライド革命?,6,107,5.85,2.56,185,90,0.8,0.39
#900,シャルル?,8,98,6.18,2.9,145,140,1.4,0.44
#967,コレカラ?,8,91,6.11,3.03,162,117,1.3,0.43
#691,Daydream café?,14,109,6.34,2.74,150,254,2.3,0.38
#535,TWiNKLE CiRCLE?,15,110,6.45,2.76,192,358,3.3,0.37
#372,Baby Sweet Berry Love?,18,105,7.1,3.17,170,464,4.4,0.46
#16,Determination Symphony?,27,131,7.63,2.85,190,1054,8.1,0.4
#364,えがお?シング?あ?ソング?,19,106,7.1,3.14,150,474,4.5,0.44
#574,chAngE?,14,105,6.79,3.02,165,307,2.9,0.47
#776,RED RED RED?,13,109,6.29,2.71,188,214,2,0.38
#860,夏空 SUN! SUN! SEVEN!?,12,146,6.11,2.08,176,231,1.6,0.35
#92,Re:birth day?,28,124,7.32,2.85,170,848,6.8,0.34
#614,いつも通りのBrand new days?,14,104,6.64,2.96,192,282,2.7,0.43
#298,夏祭り?,20,126,6.9,2.66,144,618,4.9,0.38
#318,PASSIONATE ANTHEM?,19,98,7.39,3.45,195,474,4.8,0.5
#835,ブル`バ`ド?,10,100,6.2,2.85,152,168,1.7,0.41
#889,UNION?,10,125,5.76,2.23,181,183,1.5,0.31
#287,キミの?,25,130,7.54,2.82,114,651,5,0.43
#692,Light Delight?,14,123,6.63,2.61,180,286,2.3,0.43
#138,Scarlet Sky?,26,109,7.79,3.37,180,695,6.4,0.46
#187,空色デイズ?,26,105,7.33,3.26,174,626,6,0.39
#267,BLACK SHOUT?,26,110,7.77,3.33,185,575,5.2,0.46
#124,わちゃ?もちゃ?ぺったん行M曲?,26,118,7.28,2.95,160,769,6.5,0.36
#135,YAPPY！SCHOOL CARNIVAL☆彡?,25,103,7.65,3.44,172,663,6.4,0.45
#251,メランコリック?,24,117,7.33,3,140,622,5.3,0.4
#892,A DECLARATION OF ×××?,8,120,5.92,2.37,150,175,1.5,0.37
#640,StaRt?,14,114,6.75,2.82,190,291,2.6,0.46
#32,LOUDER?,27,110,8.04,3.45,195,828,7.5,0.48
#937,ONENESS?,8,122,5.92,2.33,190,165,1.3,0.38
#700,どきどきSING OUT!?,14,114,6.47,2.69,194,265,2.3,0.4
#562,1000回んだ空?,19,152,6.72,2.21,182,459,3,0.36
#390,ハッピ`シンセサイザ?,18,142,6.23,2.18,127,611,4.3,0.29
#1059,奏（かなで）?,6,122,5.9,2.33,75,98,0.8,0.41
#651,インフェルノ?,14,110,6.47,2.76,185,276,2.5,0.4
#15,BRAVE JEWEL?,26,93,8.14,3.99,192,747,8.1,0.52
#62,インフェルノ?,26,110,7.59,3.24,185,790,7.2,0.42
#1027,ティアドロップス?,9,150,6.04,2.01,190,158,1.1,0.38
#382,二重の虹（ダブル レインボウ）?,18,109,6.9,2.97,188,477,4.4,0.41
#95,にこ×にこ＝ハイパ`スマイルパワ`！?,26,107,7.46,3.26,190,731,6.8,0.39
#644,檄！帝国A?,14,123,6.21,2.44,143,311,2.5,0.34
#492,A DECLARATION OF ×××?,19,120,7.06,2.82,150,445,3.7,0.44
#869,おもいでイルミネ`ション?,9,106,6.31,2.79,165,163,1.5,0.44
#349,ルカルカ★ナイトフィ`バ`?,19,128,6.7,2.54,160,584,4.6,0.37
#206,い`あるふぁんくらぶ?,26,113,7.45,3.12,145,652,5.7,0.41
#745,R?,13,111,6.15,2.61,188,230,2.1,0.35
#695,みくみくにしてあげる?【してやんよ】?,14,103,6.48,2.93,160,239,2.3,0.41
#688,DISCOTHEQUE?,14,100,6.81,3.15,143,234,2.3,0.48
#829,ゼッタイ宣言?Recital??,10,109,6.25,2.69,177,185,1.7,0.42
#904,Re:birth day?,11,124,6,2.33,170,177,1.4,0.3
#811,YAPPY！SCHOOL CARNIVAL☆彡?,9,103,6.22,2.8,172,184,1.8,0.43
#473,Yes! BanG_Dream!?,20,120,6.92,2.77,185,459,3.8,0.38
#277,新宝u?,24,128,7.38,2.8,158,658,5.1,0.41
#323,White Afternoon?,24,117,7.52,3.07,145,555,4.8,0.44
#865,海色?,9,94,6.66,3.22,195,147,1.6,0.54
#449,恋鄄门?,18,103,6.82,3.07,134,409,4,0.41
#1049,光るなら?,7,115,5.69,2.35,160,107,0.9,0.32
#671,瞬gセンチメンタル?,14,97,6.95,3.28,168,235,2.4,0.51
#485,キミがいなくちゃっ！?,17,106,6.99,3.07,124,399,3.7,0.46
#115,革命デュアリズム?,26,103,7.57,3.41,205,681,6.6,0.42
#85,ゴ`カ！ご`かい！？ファントムシ`フ！?,27,102,7.99,3.63,215,698,6.8,0.5
#1002,そばかす?,12,106,6.41,2.82,170,125,1.2,0.39
#2,六兆年と一夜物Z?,29,104,8.17,3.66,186,935,9,0.48
#23,GO! GO! MANIAC?,26,104,7.68,3.45,250,799,7.7,0.43
#553,大盛り一丁！ガルパ☆ピコ?,15,112,6.52,2.76,163,344,3.1,0.39
#1017,青い?,7,121,5.63,2.24,132,134,1.1,0.32
#108,オトモダチフィルム?,25,101,7.77,3.56,158,675,6.7,0.47
#143,Dreamers Go!?,25,106,7.68,3.39,185,669,6.3,0.45
#508,キミにもらったもの?,21,105,7.36,3.27,147,371,3.5,0.47
#1055,だまりロ`ドナイト?,7,119,5.93,2.39,143,99,0.8,0.4
#80,Hey-day狂X曲(カプリチオ)?,26,111,7.62,3.24,158,762,6.9,0.43
#771,ふわふわ☆ゆめいろサンドイッチ?,13,119,6.29,2.53,130,235,2,0.38
#729,春Mき?,13,102,6.81,3.09,174,221,2.2,0.49
#799,はなまるぴっぴはよいこだけ?,9,105,6.4,2.85,172,193,1.8,0.47
#313,STAR BEAT!?ホシノコドウ??,25,133,7.3,2.69,195,642,4.8,0.39
#189,せかいのっびのびトレジャ`！?,25,107,7.67,3.35,85,640,6,0.46
#793,アスノヨゾラ哨戒班?,10,95,6.4,3.06,185,178,1.9,0.46
#864,きゅ?まい＊flower?,9,93,6.37,3.12,183,145,1.6,0.48
#330,イニシャル?,19,93,7.42,3.63,193,436,4.7,0.51
#491,ミュ`ジック?アワ`?,17,125,6.9,2.68,135,462,3.7,0.43
#223,残酷な天使のテ`ゼ?,25,118,8,3.25,140,659,5.6,0.51
#1012,POP TEAM EPIC?,7,110,5.94,2.55,142,124,1.1,0.4
#321,ときめきエクスペリエンス！?,25,107,7.24,3.18,180,508,4.8,0.39
#75,ハレ晴レユカイ?,26,140,7.51,2.66,172,972,7,0.34
#974,Safe and Sound?,7,93,6.2,3.02,182,117,1.3,0.46
#625,えがお?シング?あ?ソング?,14,106,6.64,2.94,150,279,2.6,0.44
#1018,Winking☆Cheer?,7,103,5.82,2.62,100,114,1.1,0.38
#522,ランブリングメモリ`?,17,117,6.78,2.76,125,402,3.4,0.41
#707,からくりピエロ?,13,112,6.29,2.66,102,256,2.3,0.38
#311,はなまるぴっぴはよいこだけ?,18,105,7.04,3.13,172,507,4.8,0.44
#346,瞬gセンチメンタル?,19,97,7.45,3.51,168,446,4.6,0.52
#308,great escape?,17,91,7.06,3.49,184,445,4.9,0.47
#1047,チョコレイトの低音レシピ?,6,120,5.56,2.22,96,114,0.9,0.32
#483,シルエット?,18,114,6.66,2.78,183,427,3.8,0.36
#221,I love your way！?,21,100,7.64,3.53,130,564,5.7,0.52
#873,STAR BEAT!?ホシノコドウ??,14,133,6.34,2.34,195,203,1.5,0.36
#428,Q＆A　リサイタル！?,18,109,6.94,3,182,449,4.1,0.43
#230,ときめきポポロン??,25,95,7.85,3.78,170,523,5.5,0.5
#163,_けたらDream!?,25,120,7.35,2.94,140,743,6.2,0.39
#602,GLAMOROUS SKY?,15,145,6.39,2.2,152,399,2.8,0.35
#38,great escape?,26,91,7.89,3.9,184,676,7.4,0.48
#696,簸膜iく瞬gに！?,13,92,6.42,3.15,203,214,2.3,0.42
#381,いつも通りのBrand new days?,18,104,7.04,3.14,192,457,4.4,0.44
#886,Neo-Aspect?,9,117,6.19,2.53,180,172,1.5,0.42
#1014,White Afternoon?,7,117,5.94,2.43,145,131,1.1,0.4
#284,ガ`ルズコ`ド?,24,127,7.34,2.81,125,638,5,0.4
#66,あっつあつ 常夏 らぶ☆サマ`！?,26,110,7.7,3.31,172,778,7.1,0.44
#758,夜行性ハイズ?,12,106,6.22,2.75,132,214,2,0.38
#339,"Excellent (Hey, Let's Go!) (English Version)?",20,92,7.22,3.55,180,426,4.6,0.46
#906,ファティマ?,8,96,6.27,2.99,179,136,1.4,0.46
#778,True color?,13,123,5.99,2.35,160,240,2,0.36
#273,SURVIVOR ねば`ぎぶあっぷ！?,20,109,6.92,3,200,559,5.1,0.39
#747,パスパレボリュ`ションず☆?,12,105,6.56,2.91,174,216,2.1,0.46
#152,群青日和?,26,105,7.65,3.4,175,657,6.3,0.44
#515,What's the POPIPA!??,15,110,6.78,2.91,186,382,3.5,0.44
#495,“UNIONS”Road?,18,106,6.99,3.09,135,391,3.7,0.45
#408,READY STEADY GO?,17,102,6.77,3.09,144,429,4.2,0.41
#93,そばかす?,25,106,7.42,3.27,170,723,6.8,0.4
#872,光るなら?,13,115,6.41,2.65,160,176,1.5,0.4
#210,カルマ?,26,102,7.8,3.55,195,582,5.7,0.46
#136,p色の空?,25,109,7.29,3.14,169,701,6.4,0.38
#493,深?,18,114,6.78,2.83,138,422,3.7,0.4
#234,Step×Step！?,25,112,7.73,3.27,148,613,5.5,0.47
#274,ティアドロップス?,25,150,6.84,2.28,190,774,5.1,0.29
#669,hい音S ～ハ`トビ`ト～?,13,112,6.29,2.65,168,272,2.4,0.37
#356,Wake up!?,19,106,7.14,3.16,176,478,4.5,0.45
#276,ふわふわ☆ゆめいろサンドイッチ?,24,119,7.5,3.02,130,613,5.1,0.44
#27,[FULL] きゅ?まい＊flower?,27,218,5.31,1.29,183,1653,7.6,0.21
#1009,夜行性ハイズ?,7,106,5.76,2.55,132,120,1.1,0.36
#610,ノ`ポイッ！?,14,97,6.78,3.19,158,265,2.7,0.47
#714,午夜の待ち合わせ?,14,99,6.86,3.19,189,222,2.2,0.49
#1043,ひまわりのs束?,8,131,5.98,2.23,79,125,1,0.39
#329,Bad Apple!! feat. nomico?,18,118,6.75,2.73,138,557,4.7,0.38
#426,1/3の情な感情?,18,102,7.23,3.29,152,421,4.1,0.49
#684,MOON PRIDE?,14,112,6.63,2.79,173,265,2.4,0.44
#520,カルマ?,18,102,7.04,3.21,195,352,3.5,0.43
#44,Redo?,26,97,7.9,3.72,190,713,7.3,0.48
#117,Blessing Chord?,26,122,7.52,2.98,153,800,6.6,0.4
#98,ブル`ムブル`ム?,26,110,7.86,3.37,180,746,6.8,0.47
#843,LOUDER?,12,110,6.77,2.9,195,180,1.6,0.47
#636,Y.O.L.O！！！！！?,14,115,6.55,2.7,210,298,2.6,0.41
#256,八月のif?,24,115,7.6,3.15,120,609,5.3,0.45
#107,TWiNKLE CiRCLE?,25,110,7.46,3.2,192,738,6.7,0.41
#102,Life Will Change?,26,122,7.54,2.98,132,823,6.8,0.4
#161,SAKURAスキップ?,25,105,7.88,3.51,165,650,6.2,0.48
#439,奏（かなで）?,22,122,7.59,3,75,491,4,0.49
#302,GO! GO! MANIAC?,20,104,6.92,3.1,250,507,4.9,0.39
#90,Wake up!?,26,106,7.76,3.43,176,722,6.8,0.45
#214,ゴ`カ！ご`かい！？ファントムシ`フ！?,25,102,7.89,3.59,215,581,5.7,0.5
#1052,シルエット?,7,114,5.63,2.35,183,103,0.9,0.33
#394,そばかす?,23,106,7.43,3.27,170,456,4.3,0.42
#922,君じゃなきゃダメみたい?,8,102,5.88,2.68,131,140,1.4,0.37
#676,メランコリック?,13,117,6.26,2.56,140,280,2.4,0.37
#168,hい音S ～ハ`トビ`ト～?,25,112,7.43,3.13,168,687,6.1,0.4
#17,エクストラ?マジック?アワ`?,27,97,8.18,3.85,180,782,8,0.51
#846,GO! GO! MANIAC?,9,104,6.07,2.72,250,168,1.6,0.41
#618,そばかす?,17,106,6.97,3.07,170,284,2.7,0.42
#752,ツキアカリのミチシルベ?,13,112,6.58,2.77,133,230,2,0.45
#464,s束?,18,112,6.62,2.79,123,435,3.9,0.36
#607,ときめきエクスペリエンス！?,16,107,6.64,2.91,180,292,2.7,0.39
#894,もういちど ルミナス?,12,116,6.18,2.54,169,168,1.5,0.38
#987,The Everlasting Guilty Crown?,8,132,5.85,2.17,172,158,1.2,0.36
#401,夜行性ハイズ?,18,106,6.81,3.01,132,450,4.3,0.4
#261,[FULL] ON YOUR MARK?,22,241,4.99,1.11,185,1266,5.3,0.19
#67,ティアドロップス?,27,150,7.27,2.42,190,1063,7.1,0.33
#770,ぎゅっDAYS??,11,108,6.23,2.71,170,214,2,0.4
#701,Ringing Bloom?,12,121,5.98,2.37,195,280,2.3,0.32
#150,夜行性ハイズ?,25,106,7.58,3.36,132,662,6.3,0.44
#953,深?,8,114,6.03,2.51,138,150,1.3,0.4
#51,うぃ`きゃん☆フレフレっ！?,26,99,7.72,3.59,180,720,7.3,0.45
#54,ON YOUR MARK?,26,105,7.67,3.42,185,760,7.2,0.43
#1050,Dragon Night?,6,111,5.97,2.53,124,103,0.9,0.42
#600,[FULL] キズナミュ`ジック??,15,315,4.47,0.78,189,875,2.8,0.15
#870,全力少年?,9,106,6.07,2.68,134,163,1.5,0.4
#395,"Easy come, Easy go！?",18,108,7.01,3.06,135,462,4.3,0.44
#1057,ハピネスっ！ハピィ`マジカルっ??,7,101,6.07,2.78,184,82,0.8,0.42
#693,八月のif?,13,115,6.66,2.75,120,268,2.3,0.45
#148,ONENESS?,26,122,7.73,3.04,190,771,6.3,0.44
#1044,カルマ?,6,102,5.92,2.7,195,97,1,0.42
#144,Fantastic future?,26,112,7.94,3.35,172,710,6.3,0.49
#224,はなまる◎アンダンテ?,25,109,7.47,3.24,166,607,5.6,0.42
#597,Step×Step！?,14,112,6.43,2.72,148,312,2.8,0.39
#934,Q＆A　リサイタル！?,8,109,6.08,2.63,182,147,1.4,0.41
#957,Baby Sweet Berry Love?,8,105,6.08,2.71,170,136,1.3,0.41
#299,甲R忍法帖?,19,107,7.1,3.11,178,525,4.9,0.44
#478,ハピネスっ！ハピィ`マジカルっ??,18,101,7.29,3.34,184,384,3.8,0.45
#730,君に届け?,13,119,6.12,2.46,144,258,2.2,0.34
#964,二重の虹（ダブル レインボウ）?,9,109,6.1,2.63,188,141,1.3,0.41
#606,全力少年?,14,106,6.73,2.98,134,290,2.7,0.45
#587,ハレ晴レユカイ?,14,140,6.07,2.15,172,397,2.8,0.3
#685,fantastic dreamer?,14,100,7.11,3.29,185,235,2.4,0.55
#775,SAKURA MEMORIES?,13,119,6.42,2.58,176,234,2,0.41
#567,ティアドロップス?,17,150,6.39,2.13,190,450,3,0.32
#141,MOON PRIDE?,26,112,7.75,3.26,173,716,6.4,0.46
#303,Hey-day狂X曲(カプリチオ)?,20,111,7.1,3.02,158,542,4.9,0.43
#646,二重の虹（ダブル レインボウ）?,14,109,6.35,2.74,188,276,2.5,0.37
#351,Time Lapse?,19,124,7.04,2.75,192,563,4.5,0.42
#848,ハッピ`サマ`ウェディング?,8,111,5.93,2.53,128,179,1.6,0.37
#31,ロキ?,26,109,8.04,3.47,150,821,7.5,0.5
#997,RED RED RED?,8,109,5.79,2.5,188,129,1.2,0.35
#186,春Mき?,25,102,8.02,3.64,174,610,6,0.52
#784,ひとりじゃないんだから?,13,104,6.56,2.94,220,200,1.9,0.45
#376,R?I?O?T?,20,121,7.09,2.82,140,534,4.4,0.44
#109,ピコっと！パピっと！！ガルパ☆ピコ！！！?,26,114,7.49,3.13,190,758,6.7,0.4
#191,正解はひとつ!じゃない!!?,25,107,7.4,3.24,170,637,5.9,0.4
#327,TWiNKLE CiRCLE?,19,110,6.87,2.94,192,520,4.7,0.39
#367,Reach Out To The Truth?,18,117,6.85,2.81,170,521,4.5,0.4
#812,Alchemy?,12,119,6.77,2.72,165,212,1.8,0.48
#823,ハイファイブ∞あどべんちゃっ?,9,118,6,2.44,198,203,1.7,0.37
#165,シャルル?,25,98,7.93,3.73,145,602,6.2,0.51
#209,ロストワンの号哭?,21,120,7.15,2.86,162,687,5.7,0.41
#642,キミがいなくちゃっ！?,14,106,6.75,2.97,124,272,2.6,0.46
#201,[FULL] キズナミュ`ジック??,26,315,5.09,0.89,189,1821,5.8,0.17
#127,メリッサ?,25,112,7.36,3.1,170,730,6.5,0.39
#29,きゅ?まい＊flower?,26,93,8.02,3.93,183,702,7.6,0.5
#674,あっつあつ 常夏 らぶ☆サマ`！?,14,110,6.56,2.82,172,264,2.4,0.42
#11,アスノヨゾラ哨戒班?,27,95,8.23,3.94,185,805,8.4,0.52
#99,Wonderland Girl?,26,116,7.42,3.05,137,784,6.8,0.39
#188,クインティプル☆すまいる?,25,110,7.58,3.24,173,658,6,0.43
#237,千本@?,19,101,7.31,3.34,154,553,5.5,0.48
#523,Happy Happy Party!?,17,124,6.85,2.67,140,425,3.4,0.36
#962,ワクワクmeetsトリップ?,8,104,6,2.68,137,135,1.3,0.4
#585,ファティマ?,15,96,6.9,3.29,179,274,2.9,0.48
#570,secret base～君がくれたもの～?,19,143,7.22,2.5,144,424,3,0.39
#53,ハイファイブ∞あどべんちゃっ?,26,118,7.58,3.08,198,853,7.3,0.41
#316,革命デュアリズム?,19,103,6.84,3.08,205,497,4.8,0.39
#837,い`あるふぁんくらぶ?,11,113,6.12,2.56,145,189,1.7,0.37
#939,スマイルブ`ケで た?まや?！?,8,114,6.08,2.54,151,153,1.3,0.41
#786,空色デイズ?,12,105,6.68,2.97,174,201,1.9,0.47
#594,YAPPY！SCHOOL CARNIVAL☆彡?,14,103,6.8,3.06,172,290,2.8,0.46
#940,千本@?,8,101,6.13,2.8,154,136,1.3,0.43
#782,天ノ弱?,11,111,6.19,2.65,200,215,1.9,0.39
#503,クリスマスのうた?,18,130,7,2.62,138,471,3.6,0.44
#472,メランコリック?,17,117,6.63,2.71,140,446,3.8,0.38
#794,ETERNAL BLAZE?,13,114,6.69,2.79,155,212,1.9,0.46
#337,Winking☆Cheer?,23,103,7.35,3.31,100,481,4.7,0.43
#530,ぽっぴん'しゃっふる?,16,133,6.53,2.4,220,443,3.3,0.34
#680,ディスカバリ`！?,14,111,6.93,2.95,172,265,2.4,0.5
#354,YAPPY！SCHOOL CARNIVAL☆彡?,18,103,7.12,3.2,172,468,4.5,0.46
#568,[FULL] ON YOUR MARK?,16,241,4.67,1.04,185,717,3,0.2
#352,UNION?,19,125,6.63,2.57,181,566,4.5,0.34
#932,ノ`ポイッ！?,8,97,6.11,2.88,158,132,1.4,0.42
#899,ロキ?,8,109,6.16,2.66,150,156,1.4,0.43
#451,Legendary?,18,111,6.99,2.98,144,439,4,0.44
#47,"Don't say ""lazy""?",26,127,7.58,2.9,181,925,7.3,0.41
#315,六兆年と一夜物Z?,21,104,7.28,3.26,186,501,4.8,0.45
#462,ゆめゆめグラデ`ション?,18,109,7.02,3.04,135,422,3.9,0.44
#704,深?,14,114,6.35,2.65,138,262,2.3,0.38
#447,Wonderland Girl?,18,116,6.82,2.81,137,461,4,0.4
#551,光るなら?,18,115,7.12,2.95,160,355,3.1,0.39
#322,ハレ晴レユカイ?,20,140,6.59,2.33,172,664,4.8,0.32
#605,NO GIRL NO CRY?,14,113,6.33,2.65,190,311,2.7,0.37
#643,UNSTOPPABLE?,14,102,6.91,3.13,170,260,2.5,0.5
#847,ピコっと！パピっと！！ガルパ☆ピコ！！！?,9,114,5.9,2.46,190,184,1.6,0.35
#550,えがおのオ`ケストラっ！?,16,101,6.91,3.17,138,313,3.1,0.42
#641,ゼッタイ宣言?Recital??,14,109,6.56,2.83,177,279,2.6,0.42
#68,えがお?シング?あ?ソング?,26,106,7.77,3.44,150,747,7.1,0.45
#343,chAngE?,18,105,7.03,3.13,165,482,4.6,0.44
#803,R?I?O?T?,12,121,6.42,2.55,140,221,1.8,0.44
#667,ブル`バ`ド?,14,100,6.64,3.06,152,245,2.4,0.44
#36,せかいのっびのびトレジャ`！?,26,107,7.71,3.37,85,796,7.4,0.44
#14,I love your way！?,26,100,8.14,3.76,130,806,8.1,0.52
#521,キミの?,17,130,6.76,2.53,114,447,3.4,0.41
#579,走り始めたばかりのキミに?,18,118,7.01,2.84,125,341,2.9,0.45
#951,Break your desire?,8,108,5.86,2.54,205,143,1.3,0.37
#689,Crow Song?,14,117,6.49,2.64,174,274,2.3,0.41
#741,ワクワクmeetsトリップ?,12,104,6.34,2.83,137,217,2.1,0.41
#947,Dreamers Go!?,8,106,5.8,2.56,185,141,1.3,0.35
#294,Shangri-La?,24,112,7.46,3.15,156,551,4.9,0.44
#424,ゆりゆららららゆるゆり大事件?,18,103,7.18,3.24,175,426,4.1,0.48
#903,Legendary?,8,111,6.11,2.6,144,158,1.4,0.41
#984,私の心はチョココロネ?,9,115,5.83,2.42,134,139,1.2,0.34
#5,六兆年と一夜物Z?,29,104,8.16,3.66,186,895,8.6,0.48
#111,秒をyむ?,26,111,7.72,3.29,130,738,6.7,0.44
#202,ミライトレイン?,25,109,7.52,3.26,176,626,5.8,0.43
#584,アニバ`サリ`?,14,117,6.36,2.61,170,333,2.9,0.37
#762,私の心はチョココロネ?,13,115,6.36,2.64,134,232,2,0.4
#1022,R?I?O?T?,7,121,6.02,2.39,140,130,1.1,0.44
#177,えがおのオ`ケストラっ！?,25,101,7.79,3.57,138,610,6,0.48
#455,わちゃ?もちゃ?ぺったん行M曲?,18,118,6.61,2.68,160,464,3.9,0.36
#332,Wonderful Sweet！?,19,105,7.22,3.21,167,492,4.7,0.47
#755,Time Lapse?,15,124,6.44,2.51,192,252,2,0.38
#25,恋は沌の_也?,26,107,7.71,3.37,158,815,7.6,0.44
#631,great escape?,13,91,6.68,3.3,184,239,2.6,0.47
#1028,Life Will Change?,7,122,5.59,2.21,132,128,1.1,0.31
#40,Crow Song?,26,117,7.68,3.13,174,865,7.4,0.43
#171,Sanctuary?,25,126,7.35,2.83,182,768,6.1,0.38
#397,ハイファイブ∞あどべんちゃっ?,19,118,7.03,2.86,198,504,4.3,0.43
#132,The Everlasting Guilty Crown?,26,132,7.18,2.66,172,852,6.5,0.34
#488,コレカラ?,17,91,7,3.46,162,340,3.7,0.46
#404,only my railgun?,19,105,7.18,3.19,143,445,4.2,0.46
#86,A DECLARATION OF ×××?,26,120,7.66,3.06,150,821,6.8,0.43
#596,Believe in my existence?,14,93,6.94,3.37,117,261,2.8,0.51
#229,だまりロ`ドナイト?,25,119,7.4,2.98,143,659,5.5,0.4
#898,金色へのプレリュ`ド?,8,108,6.16,2.67,175,156,1.4,0.43
#291,LOUDER?,19,110,7.38,3.17,195,543,4.9,0.45
#288,GO!!!?,20,118,7.05,2.85,134,590,5,0.41
#1072,キミにもらったもの?,6,105,5.95,2.64,147,69,0.7,0.44
#694,プライド革命?,13,107,6.3,2.76,185,249,2.3,0.38
#991,らしさ?,7,113,5.69,2.38,168,135,1.2,0.34
#542,太曰く燃えよカオス?,15,98,6.81,3.19,143,312,3.2,0.46
#490,スマイルブ`ケで た?まや?！?,17,114,6.96,2.91,151,422,3.7,0.45
#409,[FULL] FIRE BIRD?,19,323,4.78,0.81,150,1360,4.2,0.17
#358,[FULL] キズナミュ`ジック??,19,315,4.79,0.83,189,1423,4.5,0.17
#55,Butter-Fly?,26,117,7.34,3.01,171,844,7.2,0.37
#617,Red fraction?,14,107,6.5,2.84,142,289,2.7,0.41
#113,いつも通りのBrand new days?,25,104,7.67,3.42,192,691,6.6,0.45
#1008,B.O.F?,6,95,6.33,3.05,175,108,1.1,0.51
#371,Stay Alive?,23,94,7.39,3.57,140,419,4.4,0.45
#761,Stay Alive?,12,94,6.57,3.17,140,191,2,0.46
#981,わちゃ?もちゃ?ぺったん行M曲?,8,118,5.82,2.36,160,144,1.2,0.36
#598,ON YOUR MARK?,15,105,6.53,2.91,185,292,2.8,0.4
#917,[FULL] えがお?シング?あ?ソング?,9,248,4.17,0.9,150,344,1.4,0.17
#853,ツナグ、ソラモヨウ?,9,106,6.06,2.67,192,170,1.6,0.4
#881,UNSTOPPABLE?,8,102,6.4,2.9,170,154,1.5,0.5
#828,NO GIRL NO CRY?,9,113,6.01,2.52,190,192,1.7,0.38
#790,エイリアンエイリアン?,10,113,6.49,2.72,152,213,1.9,0.47
#702,群青日和?,13,105,6.76,3.01,175,242,2.3,0.48
#1016,ひとりじゃないんだから?,7,104,6.25,2.8,220,115,1.1,0.48
#112,太曰く燃えよカオス?,26,98,8.03,3.76,143,652,6.6,0.51
#405,上海ハニ`?,18,104,6.92,3.09,130,442,4.2,0.43
#266,Ringing Bloom?,23,121,6.9,2.74,195,634,5.2,0.35
#264,ゼッタイ宣言?Recital??,20,109,7.13,3.07,177,572,5.2,0.43
#820,はれやか すこやか ぴかりんりん??,10,101,6.13,2.8,230,177,1.7,0.4
#1023,君に届け?,7,119,5.78,2.32,144,128,1.1,0.36
#1037,えがおのオ`ケストラっ！?,6,101,6.02,2.76,138,101,1,0.44
#479,檄！帝国A?,18,123,6.54,2.57,143,465,3.8,0.34
#838,DISCOTHEQUE?,9,100,6.34,2.93,143,166,1.7,0.46
#647,魂のルフラン?,17,153,6.11,2,130,386,2.5,0.26
#312,UNSTOPPABLE?,19,102,7.53,3.41,170,495,4.8,0.53
#458,君じゃなきゃダメみたい?,17,102,6.92,3.15,131,398,3.9,0.44
#990,ハッピ`シンセサイザ?,7,142,5.4,1.88,127,169,1.2,0.26
#824,ランブリングメモリ`?,12,117,6.23,2.54,125,202,1.7,0.38
#857,ON YOUR MARK?,9,105,6.15,2.74,185,166,1.6,0.41
#822,走り始めたばかりのキミに?,12,118,6.21,2.52,125,205,1.7,0.39
#159,POP TEAM EPIC?,25,110,7.72,3.31,142,682,6.2,0.46
#849,MOON PRIDE?,8,112,6.11,2.57,173,181,1.6,0.42
#190,"Excellent (Hey, Let's Go!) (English Version)?",26,92,7.74,3.81,180,548,6,0.47
#123,夏祭り?,25,126,7.38,2.84,144,823,6.5,0.39
#760,SURVIVOR ねば`ぎぶあっぷ！?,10,109,6.05,2.62,200,220,2,0.38
#571,はれやか すこやか ぴかりんりん??,15,101,6.83,3.12,230,299,3,0.46
#973,Blessing Chord?,8,122,5.83,2.31,153,153,1.3,0.35
#554,Bad Apple!! feat. nomico?,15,118,6.26,2.53,138,363,3.1,0.34
#890,fantastic dreamer?,8,100,6.43,2.97,185,146,1.5,0.5
#573,tの弓矢?,14,99,7.2,3.35,181,291,2.9,0.56
#620,キミにもらったもの?,16,105,6.89,3.06,147,279,2.7,0.46
#128,コレカラ?,25,91,7.84,3.88,162,591,6.5,0.49
#712,はなまる◎アンダンテ?,14,109,6.46,2.8,166,246,2.3,0.41
#307,Hacking to the Gate?,25,100,7.83,3.62,161,487,4.9,0.5
#1042,That Is How I Roll!?,7,103,6.1,2.75,180,99,1,0.42
#768,Paradisus-Paradoxum?,11,94,6.22,3,201,189,2,0.4
#442,MOON PRIDE?,18,112,6.93,2.92,173,450,4,0.42
#260,Returns?,25,132,7.28,2.69,185,698,5.3,0.38
#877,六兆年と一夜物Z?,8,104,6.38,2.86,186,157,1.5,0.48
#64,FIRE BIRD?,27,131,8.02,2.99,150,935,7.2,0.47
#420,Avant-garde HISTORY?,19,118,7.03,2.85,114,492,4.2,0.43
#1074,そばかす?,6,106,6.18,2.73,170,67,0.6,0.38
#910,Y.O.L.O！！！！！?,8,115,6.08,2.51,210,162,1.4,0.41
#675,Sanctuary?,14,126,6.24,2.4,182,303,2.4,0.35
#225,だまりロ`ドナイト?,25,119,7.35,2.95,143,667,5.6,0.39
#1035,Jamboree!Journey!?,7,119,5.97,2.4,156,121,1,0.4
#419,ディスカバリ`！?,18,111,7,2.98,172,464,4.2,0.44
#418,Sasanqua?,18,103,6.83,3.08,198,431,4.2,0.41
#949,ふわふわ☆ゆめいろサンドイッチ?,7,119,5.76,2.32,130,158,1.3,0.35
#142,名前のない怪物?,26,116,7.91,3.25,180,734,6.3,0.48
#572,God knows...?,15,128,6.58,2.5,150,378,3,0.4
#125,大盛り一丁！ガルパ☆ピコ?,26,112,7.47,3.16,163,730,6.5,0.4
#104,only my railgun?,26,105,7.89,3.51,143,706,6.7,0.48
#389,天体Qy?,17,112,7.33,3.1,165,483,4.3,0.47
#228,fantastic dreamer?,25,100,7.89,3.65,185,553,5.5,0.51
#204,Legendary?,25,111,7.73,3.29,144,638,5.8,0.47
#69,StaRt?,26,114,7.61,3.18,190,804,7.1,0.42
#589,オトモダチフィルム?,14,101,6.7,3.07,158,287,2.8,0.45
#801,大盛り一丁！ガルパ☆ピコ?,10,112,6.21,2.63,163,206,1.8,0.41
#529,はなまる◎アンダンテ?,17,109,6.83,2.96,166,363,3.3,0.42
#383,花@荪タ`！！！?,18,106,7.01,3.09,188,463,4.4,0.44
#979,群青日和?,8,105,6.28,2.79,175,129,1.2,0.46
#463,fantastic dreamer?,18,100,7.3,3.37,185,388,3.9,0.51
#534,STAR BEAT!?ホシノコドウ??,18,133,6.82,2.51,195,437,3.3,0.37
#1067,BLACK SHOUT?,6,110,5.96,2.55,185,81,0.7,0.43
#772,"Easy come, Easy go！?",13,108,6.35,2.77,135,212,2,0.4
#599,_けたらDream!?,14,120,6.48,2.59,140,334,2.8,0.4
#711,シュガ`ソングとビタ`ステップ?,14,111,6.59,2.8,132,252,2.3,0.4
#1053,Shangri-La?,7,112,6.01,2.54,156,96,0.9,0.42
#590,Hey-day狂X曲(カプリチオ)?,15,111,6.77,2.88,158,314,2.8,0.45
#244,GLAMOROUS SKY?,26,145,7.25,2.49,152,780,5.4,0.35
#481,GO!!!?,16,118,6.81,2.76,134,447,3.8,0.43
#370,おもいでイルミネ`ション?,19,106,7.18,3.18,165,469,4.4,0.46
#789,Wonderful Sweet！?,10,105,6.17,2.74,167,198,1.9,0.4
#257,どきどきSING OUT!?,24,114,7.35,3.05,194,605,5.3,0.41
#6,Song I am.?,27,102,7.96,3.61,190,882,8.6,0.47
#861,だまりロ`ドナイト?,11,119,5.99,2.41,143,188,1.6,0.34
#581,ブル`ムブル`ム?,14,110,6.65,2.85,180,316,2.9,0.43
#33,海色?,26,94,8.06,3.89,195,709,7.5,0.51
#450,にこ×にこ＝ハイパ`スマイルパワ`！?,18,107,6.79,2.96,190,426,4,0.4
#246,Jamboree!Journey!?,25,119,7.47,3,156,641,5.4,0.41
#781,新宝u?,13,128,6.47,2.46,158,249,1.9,0.42
#876,せかいのっびのびトレジャ`！?,8,107,6.39,2.79,85,163,1.5,0.48
#763,POP TEAM EPIC?,13,110,6.67,2.86,142,222,2,0.46
#423,Dreamers Go!?,18,106,6.93,3.06,185,438,4.1,0.43
#100,花@荪タ`！！！?,26,106,7.76,3.42,188,718,6.8,0.45
#800,革命デュアリズム?,11,103,6.24,2.81,205,190,1.8,0.4
#1062,STAR BEAT!?ホシノコドウ??,7,133,5.71,2.1,195,106,0.8,0.36
#467,八月のif?,17,115,6.98,2.89,120,444,3.9,0.44
#74,Baby Sweet Berry Love?,26,105,7.78,3.47,170,729,7,0.46
#444,春Mき?,17,102,7.26,3.3,174,408,4,0.51
#305,tの弓矢?,19,99,7.59,3.53,181,482,4.9,0.54
#664,“UNIONS”Road?,14,106,6.56,2.9,135,259,2.4,0.43
#452,ブル`バ`ド?,18,100,6.93,3.19,152,397,4,0.43
#1038,Stay Alive?,7,94,5.88,2.84,140,94,1,0.4
#840,Life Will Change?,12,122,6.14,2.42,132,202,1.7,0.37
#923,Little Busters!?,13,111,6.84,2.92,151,152,1.4,0.5
#621,[FULL] えがお?シング?あ?ソング?,15,248,4.45,0.96,150,658,2.7,0.16
#634,[FULL] 二重の虹（ダブル レインボウ）?,15,245,4.46,0.97,188,635,2.6,0.16
#254,}のアクエリオン?,25,112,7.69,3.26,152,591,5.3,0.46
#580,Break your desire?,15,108,6.8,2.95,205,312,2.9,0.45
#432,正解はひとつ!じゃない!!?,18,107,6.96,3.04,170,438,4.1,0.41
#26,Break your desire?,26,108,7.8,3.38,205,823,7.6,0.45
#944,Jumpin'?,10,94,6.91,3.36,195,125,1.3,0.58
#30,Wonderful Sweet！?,26,105,7.89,3.51,167,792,7.5,0.48
#833,“UNIONS”Road?,9,106,6.11,2.7,135,178,1.7,0.41
#297,Redo?,20,97,7.16,3.37,190,478,4.9,0.44
#156,みくみくにしてあげる?【してやんよ】?,26,103,7.49,3.38,160,639,6.2,0.41
#983,ゆめゆめグラデ`ション?,7,109,6,2.6,135,132,1.2,0.41
#375,Happy Happy Party!?,23,124,7.13,2.78,140,549,4.4,0.39
#591,ピコっと！パピっと！！ガルパ☆ピコ！！！?,14,114,6.57,2.74,190,320,2.8,0.42
#564,ひまわりのs束?,16,131,6.66,2.49,79,394,3,0.4
#815,This game?,11,122,6.2,2.44,147,216,1.8,0.39
#545,青い?,17,121,6.77,2.69,132,382,3.2,0.41
#388,The Everlasting Guilty Crown?,20,132,6.62,2.45,172,571,4.3,0.33
#149,荬蓼挨欹恁蕙螗匹％氓?,25,112,7.3,3.09,170,702,6.3,0.38
#65,激?,26,111,7.51,3.21,113,786,7.1,0.4
#466,Jamboree!Journey!?,18,119,6.94,2.79,156,461,3.9,0.42
#24,甲R忍法帖?,26,107,7.73,3.38,178,823,7.7,0.44
#465,ふわふわ☆ゆめいろサンドイッチ?,17,119,6.86,2.76,130,461,3.9,0.42
#516,世界は恋に落ちている?,16,116,6.7,2.75,130,405,3.5,0.41
#914,ミュ`ジック?アワ`?,8,125,5.69,2.21,135,174,1.4,0.33
#334,太曰く燃えよカオス?,20,98,7.45,3.48,143,459,4.7,0.5
#536,甲R忍法帖?,15,107,6.8,2.97,178,348,3.2,0.45
#1041,Alchemy?,7,119,6.04,2.43,165,115,1,0.42
#830,キズナミュ`ジック??,9,92,6.46,3.17,189,156,1.7,0.49
#802,クリスマスのうた?,13,130,6.28,2.36,138,239,1.8,0.37
#911,ドレミファロンド?,8,108,6.01,2.62,125,151,1.4,0.39
#484,ETERNAL BLAZE?,17,114,7.1,2.96,155,428,3.8,0.47
#660,イニシャル?,14,93,6.84,3.35,193,228,2.5,0.49
#412,私の心はチョココロネ?,22,115,7.21,2.99,134,482,4.2,0.42
#961,Light Delight?,9,123,6.15,2.42,180,159,1.3,0.42
#916,Crow Song?,8,117,6.05,2.46,174,163,1.4,0.4
#72,ぎゅっDAYS??,26,108,7.72,3.36,170,761,7,0.44
#842,I love your way！?,9,100,6.29,2.91,130,164,1.6,0.45
#514,ツキアカリのミチシルベ?,17,112,6.94,2.92,133,392,3.5,0.44
#687,秒をyむ?,14,111,6.68,2.85,130,260,2.3,0.45
#300,Crow Song?,20,117,7.16,2.91,174,574,4.9,0.44
#787,天下ト`イツ A to Z☆?,8,91,6.4,3.17,153,173,1.9,0.48
#416,うぃ`きゃん☆フレフレっ！?,18,99,6.93,3.22,180,415,4.2,0.43
#901,インフェルノ?,8,110,6.01,2.57,185,158,1.4,0.4
#471,からくりピエロ?,18,112,6.76,2.86,102,428,3.8,0.39
#709,らしさ?,13,113,6.02,2.52,168,258,2.3,0.32
#751,ふわふわrg?,13,95,7.05,3.37,180,195,2,0.56
#378,らしさ?,19,113,6.74,2.82,168,500,4.4,0.37
#79,Daylight -デイライト-?,26,122,7.46,2.93,185,845,6.9,0.39
#380,アニバ`サリ`?,18,117,7.05,2.89,170,511,4.4,0.44
#126,Q＆A　リサイタル！?,26,109,7.64,3.3,182,709,6.5,0.43
#609,Wonderful Sweet！?,14,105,6.51,2.89,167,286,2.7,0.41
#1068,Scarlet Sky?,6,109,5.61,2.43,180,77,0.7,0.36
#494,残酷な天使のテ`ゼ?,18,118,7.19,2.92,140,435,3.7,0.48
#59,God knows...?,26,128,7.47,2.84,150,923,7.2,0.39
#179,"Don't say ""lazy""?",25,127,7.57,2.9,181,763,6,0.42
#806,Believe in my existence?,10,93,6.64,3.23,117,169,1.8,0.51
#151,DISCOTHEQUE?,26,100,7.93,3.66,143,626,6.3,0.49
#645,ミライトレイン?,14,109,6.6,2.86,176,275,2.5,0.43
#742,Jamboree!Journey!?,13,119,6.19,2.49,156,248,2.1,0.36
#918,[FULL] 二重の虹（ダブル レインボウ）?,10,245,4.09,0.89,188,338,1.4,0.14
#821,Redo?,9,97,6.39,3.01,190,170,1.7,0.47
#399,Opera of the wasteland?,20,113,6.88,2.89,135,483,4.3,0.39
#915,残酷な天使のテ`ゼ?,8,118,6.19,2.52,140,164,1.4,0.44
#448,Scarlet Sky?,17,109,6.97,3.01,180,433,4,0.43
#528,Little Busters!?,17,111,7.43,3.17,151,370,3.3,0.51
#613,天下ト`イツ A to Z☆?,13,91,6.89,3.42,153,247,2.7,0.52
#41,アイのシナリオ?,26,106,7.9,3.48,180,781,7.4,0.47
#480,もういちど ルミナス?,17,116,6.93,2.85,169,439,3.8,0.44
#440,ふわふわrg?,18,95,7.6,3.63,180,384,4,0.56
#469,DAYS?,18,128,6.7,2.54,135,493,3.8,0.38
#566,True color?,16,123,6.55,2.57,160,370,3,0.36
#486,メリッサ?,17,112,6.77,2.86,170,420,3.7,0.41
#713,ときめきポポロン??,13,95,6.63,3.19,170,213,2.3,0.46
#739,夏祭り?,12,126,6.25,2.4,144,263,2.1,0.38
#97,カルマ?,26,102,7.71,3.51,195,691,6.8,0.43
#884,花ハ踊レヤいろはにほ?,8,106,6.14,2.71,160,157,1.5,0.43
#608,せかいのっびのびトレジャ`！?,14,107,6.96,3.04,85,293,2.7,0.5
#94,シャルル?,26,98,7.93,3.72,145,665,6.8,0.49
#1078,Happy Happy Party!?,6,124,5.31,2.07,140,73,0.6,0.26
#716,Blessing Chord?,14,122,6.38,2.52,153,272,2.2,0.38
#310,ロメオ?,25,128,7.42,2.82,140,620,4.9,0.41
#385,どきどきSING OUT!?,18,114,6.98,2.9,194,498,4.3,0.43
#200,金色へのプレリュ`ド?,25,108,7.62,3.3,175,629,5.8,0.45
#895,激?,9,111,5.83,2.49,113,160,1.4,0.34
#538,キラキラだとか簸坤趣 ～Sing Girls～?,17,113,6.83,2.87,180,363,3.2,0.41
#834,いつも通りのBrand new days?,9,104,6.24,2.78,192,175,1.7,0.43
#686,残酷な天使のテ`ゼ?,13,118,6.55,2.66,140,276,2.3,0.43
#852,Avant-garde HISTORY?,9,118,6.12,2.48,114,189,1.6,0.41
#331,チェリボム?,19,106,7.14,3.15,190,498,4.7,0.45
#57,What's the POPIPA!??,26,110,7.79,3.35,186,792,7.2,0.45
#1058,ロメオ?,6,128,5.91,2.25,140,103,0.8,0.42
#698,エクストラ?マジック?アワ`?,13,97,6.55,3.09,180,226,2.3,0.44
#989,Time Lapse?,9,124,6.08,2.37,192,148,1.2,0.4
#595,Yes! BanG_Dream!?,15,120,6.65,2.66,185,336,2.8,0.4
#970,SAKURA MEMORIES?,7,119,5.9,2.37,176,152,1.3,0.39
#268,What's the POPIPA!??,20,110,7.2,3.09,186,573,5.2,0.44
#565,Dragon Night?,17,111,6.88,2.92,124,335,3,0.45
#120,しゅわりん☆どり～みん?,25,102,7.47,3.39,176,672,6.6,0.41
#474,全力少年?,17,106,7.05,3.11,134,404,3.8,0.47
#285,Safe and Sound?,24,93,7.68,3.74,182,468,5,0.49
#615,PASSIONATE ANTHEM?,14,98,6.8,3.17,195,266,2.7,0.47
#759,ロメオ?,13,128,6.18,2.35,140,259,2,0.36
#73,[FULL] えがお?シング?あ?ソング?,27,248,5.15,1.11,150,1737,7,0.17
#931,アイのシナリオ?,8,106,6.38,2.81,180,144,1.4,0.48
#497,ひまわりのs束?,21,131,6.95,2.6,79,481,3.7,0.38
#913,PASSIONATE ANTHEM?,9,98,6.41,2.99,195,138,1.4,0.48
#4,SURVIVOR ねば`ぎぶあっぷ！?,27,109,7.57,3.28,200,936,8.6,0.39
#777,カルマ?,12,102,6.77,3.08,195,199,2,0.48
#216,ひとりじゃないんだから?,25,104,7.63,3.42,220,591,5.7,0.45
#20,回レ！雪月花?,27,99,7.97,3.7,160,782,7.9,0.48
#963,great escape?,8,91,6.14,3.04,184,118,1.3,0.44
#81,らしさ?,26,113,7.4,3.1,168,777,6.9,0.38
#748,Happy Happy Party!?,12,124,6,2.34,140,255,2.1,0.3
#779,COMIC PANIC!!!?,11,110,6.61,2.82,210,215,1.9,0.48
#743,正解はひとつ!じゃない!!?,13,107,6.22,2.72,170,222,2.1,0.45
#927,[FULL] FIRE BIRD?,10,323,4.13,0.7,150,441,1.4,0.14
#487,GLAMOROUS SKY?,17,145,6.53,2.24,152,541,3.7,0.34
#333,花ハ踊レヤいろはにほ?,19,106,7.01,3.1,160,496,4.7,0.42
#281,ツキアカリのミチシルベ?,24,112,7.63,3.21,133,569,5.1,0.47
#436,ツナグ、ソラモヨウ?,18,106,7.05,3.1,192,432,4.1,0.45
#1001,簸撙Sunflower?,7,129,5.28,1.99,164,152,1.2,0.31
#231,天下ト`イツ A to Z☆?,20,91,7.72,3.83,153,503,5.5,0.56
#912,Shangri-La?,12,112,6.34,2.68,156,157,1.4,0.42
#546,Wonderland Girl?,14,116,6.51,2.68,137,365,3.2,0.4
#995,ETERNAL BLAZE?,9,114,6.58,2.74,155,135,1.2,0.5
#431,秒をyむ?,18,111,7.06,3.01,130,454,4.1,0.45
#563,ぎゅっDAYS??,15,108,6.7,2.91,170,326,3,0.43
#518,い`あるふぁんくらぶ?,18,113,6.76,2.83,145,394,3.5,0.38
#866,キミがいなくちゃっ！?,9,106,6.26,2.75,124,166,1.6,0.44
#1006,R?,8,111,5.91,2.51,188,127,1.1,0.37
#198,嵘スタ`マイン?,26,119,7.73,3.12,187,691,5.8,0.45
#941,GLAMOROUS SKY?,8,145,5.94,2.04,152,194,1.3,0.37
#1048,ぽっぴん'しゃっふる?,7,133,5.55,2.04,220,124,0.9,0.31
#194,Legendary (English Version)?,25,93,8,3.91,144,544,5.9,0.53
#985,クインティプル☆すまいる?,8,110,6.01,2.57,173,133,1.2,0.4
#1019,ふわふわrg?,7,95,6.67,3.19,180,104,1.1,0.59
#279,Daylight -デイライト-?,20,122,6.95,2.74,185,627,5.1,0.39
#269,Little Busters!?,25,111,8.06,3.44,151,575,5.2,0.52
#253,That Is How I Roll!?,24,103,7.21,3.25,180,547,5.3,0.39
#147,Believe in my existence?,26,93,8.07,3.92,117,589,6.3,0.52
#181,Jumpin'?,26,94,8.43,4.1,195,561,6,0.59
#43,イニシャル?,26,93,8.12,3.97,193,682,7.4,0.52
#808,[FULL] ON YOUR MARK?,10,241,4.37,0.97,185,432,1.8,0.21
#306,簸撙Sunflower?,25,129,7.29,2.75,164,628,4.9,0.37
#883,恋鄄门?,9,103,6.11,2.76,134,153,1.5,0.41
#968,Step×Step！?,7,112,5.88,2.48,148,143,1.3,0.38
#482,ときめきポポロン??,18,95,7.32,3.52,170,356,3.8,0.51
#920,ブル`ムブル`ム?,9,110,6.27,2.68,180,152,1.4,0.44
#586,チェリボム?,15,106,6.71,2.96,190,303,2.9,0.43
#398,Believe in my existence?,19,93,7.38,3.59,117,400,4.3,0.51
#227,ドレミファロンド?,24,108,7.57,3.3,125,600,5.6,0.45
#476,Step×Step！?,17,112,6.82,2.88,148,427,3.8,0.42
#103,Red fraction?,26,107,7.51,3.28,142,724,6.7,0.41
#511,POP TEAM EPIC?,17,110,7.03,3.01,142,386,3.5,0.47
#966,からくりピエロ?,7,112,5.76,2.44,102,144,1.3,0.36
#28,ファティマ?,26,96,8.02,3.82,179,728,7.6,0.5
#232,s束?,25,112,7.3,3.08,123,619,5.5,0.39
#841,うぃ`きゃん☆フレフレっ！?,9,99,6.24,2.9,180,164,1.7,0.43
#557,That Is How I Roll!?,16,103,6.62,2.99,180,315,3.1,0.39
#858,p色の空?,9,109,5.95,2.56,169,173,1.6,0.36
#948,あっつあつ 常夏 らぶ☆サマ`！?,9,110,5.99,2.58,172,146,1.3,0.38
#540,パスパレボリュ`ションず☆?,17,105,7.34,3.26,174,338,3.2,0.5
#996,ツキアカリのミチシルベ?,7,112,6.09,2.56,133,133,1.2,0.43
#116,ハッピ`シンセサイザ?,26,142,7.09,2.48,127,933,6.6,0.31
#433,激?,18,111,6.73,2.87,113,451,4.1,0.38
#335,アイのシナリオ?,19,106,7.21,3.18,180,495,4.7,0.46
#196,深?,25,114,7.41,3.09,138,666,5.8,0.4
#1073,Little Busters!?,7,111,6.32,2.7,151,71,0.6,0.47
#731,Winking☆Cheer?,13,103,6.41,2.89,100,223,2.2,0.41
#249,ドリ`ムパレ`ド?,26,108,7.47,3.26,172,575,5.3,0.41
#628,GO! GO! MANIAC?,14,104,6.48,2.91,250,273,2.6,0.41
#174,ツナグ、ソラモヨウ?,26,106,7.98,3.51,192,646,6.1,0.5
#624,ルカルカ★ナイトフィ`バ`?,14,128,6.24,2.37,160,338,2.6,0.35
#998,Hacking to the Gate?,7,100,6.21,2.87,161,118,1.2,0.46
#525,Hacking to the Gate?,16,100,7.11,3.28,161,339,3.4,0.49
#296,ON YOUR MARK?,21,105,7.23,3.22,185,515,4.9,0.44
#721,What's the POPIPA!??,11,110,6.4,2.75,186,241,2.2,0.43
#282,Alchemy?,26,119,7.52,3.02,165,603,5.1,0.42
#531,私の心はチョココロネ?,16,115,6.62,2.75,134,381,3.3,0.39
#153,ルカルカ★ナイトフィ`バ`?,26,128,7.28,2.77,160,799,6.2,0.37
#320,ぎゅっDAYS??,20,108,7.13,3.1,170,515,4.8,0.43
#650,イマジネ`ション?,14,120,6.46,2.58,204,302,2.5,0.4
#265,午夜の待ち合わせ?,20,99,7.31,3.4,189,519,5.2,0.47
#182,ミュ`ジック?アワ`?,25,125,7.61,2.95,135,746,6,0.44
#58,GO!!!?,26,118,7.6,3.07,134,853,7.2,0.41
#363,名前のない怪物?,19,116,7.17,2.95,180,521,4.5,0.45
#477,空色デイズ?,18,105,7.12,3.16,174,399,3.8,0.43
#293,God knows...?,21,128,7.06,2.68,150,631,4.9,0.4
#658,Reach Out To The Truth?,14,117,6.42,2.63,170,288,2.5,0.39
#49,瞬gセンチメンタル?,26,97,8.08,3.81,168,709,7.3,0.51
#271,ゆら?ゆらRing-Dong-Dance?,24,105,7.16,3.17,172,546,5.2,0.38
#938,Hello! Wink!?,8,100,6.02,2.77,152,135,1.3,0.4
#627,I love your way！?,14,100,6.8,3.15,130,263,2.6,0.48
#1024,Determination Symphony?,7,131,5.9,2.2,190,140,1.1,0.38
#173,ワクワクmeetsトリップ?,25,104,7.53,3.36,137,634,6.1,0.43
#1000,午夜の待ち合わせ?,7,99,6.17,2.87,189,117,1.2,0.46
#882,魂のルフラン?,12,153,5.84,1.92,130,228,1.5,0.28
#83,はれやか すこやか ぴかりんりん??,26,101,7.86,3.59,230,694,6.9,0.48
#489,ロメオ?,18,128,6.77,2.58,140,476,3.7,0.39
#945,StaRt?,8,114,5.91,2.47,190,152,1.3,0.38
#140,い`あるふぁんくらぶ?,26,113,7.43,3.11,145,723,6.4,0.39
#91,ハピネスっ！ハピィ`マジカルっ??,26,101,7.67,3.51,184,690,6.8,0.44
#663,Q＆A　リサイタル！?,14,109,6.77,2.92,182,267,2.5,0.46
#735,READY STEADY GO?,13,102,6.45,2.94,144,217,2.1,0.42
#1040,ドリ`ムパレ`ド?,6,108,6.34,2.77,172,104,1,0.47
#78,Scarlet Sky?,26,109,7.87,3.4,180,750,6.9,0.47
#907,CiRCLING?,8,120,5.84,2.33,160,170,1.4,0.36
#386,Daydream café?,19,109,6.88,2.97,150,473,4.3,0.4
#844,[FULL] キズナミュ`ジック??,10,315,4.15,0.72,189,511,1.6,0.14
#733,ONENESS?,13,122,6.39,2.52,190,262,2.1,0.4
#342,[FULL] 二重の虹（ダブル レインボウ）?,19,245,4.78,1.04,188,1127,4.6,0.17
#46,シュガ`ソングとビタ`ステップ?,28,111,7.58,3.23,132,811,7.3,0.4
#259,Butter-Fly?,24,117,7.23,2.96,171,615,5.3,0.39
#338,StaRt?,19,114,7.02,2.93,190,528,4.6,0.42
#681,金色へのプレリュ`ド?,14,108,6.59,2.86,175,258,2.4,0.43
#101,Bad Apple!! feat. nomico?,26,118,7.31,2.96,138,800,6.8,0.37
#753,えがおのオ`ケストラっ！?,11,101,6.34,2.9,138,206,2,0.41
#705,世界は恋に落ちている?,14,116,6.45,2.64,130,267,2.3,0.4
#703,Fantastic future?,14,112,6.89,2.9,172,259,2.3,0.5
#13,PASSIONATE ANTHEM?,27,98,8.14,3.8,195,815,8.3,0.5
#438,Fantastic future?,19,112,7.27,3.06,172,454,4,0.48
#220,DAYS?,25,128,7.31,2.77,135,725,5.7,0.38
#619,最高（さあ行こう）！?,14,114,6.51,2.71,180,304,2.7,0.41
#633,Daylight -デイライト-?,14,122,6.41,2.52,185,319,2.6,0.38
#366,キズナミュ`ジック??,18,92,7.24,3.56,189,413,4.5,0.49
#767,青い?,13,121,6.37,2.53,132,243,2,0.39
#601,キズナミュ`ジック??,14,92,6.99,3.43,189,254,2.8,0.52
#999,シュガ`ソングとビタ`ステップ?,9,111,6.16,2.62,132,131,1.2,0.43
#908,荬蓼挨欹恁蕙螗匹％氓?,7,112,5.71,2.42,170,157,1.4,0.34
#677,A DECLARATION OF ×××?,14,120,6.52,2.61,150,288,2.4,0.41
#262,クリスマスのうた?,25,130,7.6,2.85,138,683,5.3,0.44
#242,スマイルブ`ケで た?まや?！?,24,114,7.41,3.09,151,619,5.4,0.42
#374,Break your desire?,19,108,7.18,3.11,205,480,4.4,0.46
#717,シャルル?,13,98,6.73,3.16,145,218,2.2,0.48
#862,スマイルブ`ケで た?まや?！?,13,114,6.3,2.63,151,179,1.6,0.39
#272,This game?,21,122,7,2.76,147,634,5.2,0.38
#512,RED RED RED?,17,109,6.77,2.92,188,383,3.5,0.41
#754,ハピネスっ！ハピィ`マジカルっ??,12,101,6.29,2.88,184,206,2,0.41
#292,_けたらDream!?,20,120,6.95,2.78,140,593,4.9,0.39
#457,荬蓼挨欹恁蕙螗匹％氓?,17,112,6.83,2.89,170,437,3.9,0.42
#88,UNION?,26,125,7.31,2.84,181,852,6.8,0.36
#678,Sasanqua?,14,103,6.52,2.94,198,247,2.4,0.42
#84,That Is How I Roll!?,26,103,7.53,3.39,180,706,6.8,0.41
#203,天ノ弱?,21,111,7.04,3.01,200,637,5.8,0.39
#243,Wonderland Girl?,25,116,7.45,3.07,137,625,5.4,0.42
#737,GO!!!?,11,118,6.35,2.57,134,250,2.1,0.42
#263,BRAVE JEWEL?,21,93,7.53,3.69,192,486,5.3,0.5
#22,天下ト`イツ A to Z☆?,26,91,8.39,4.16,153,713,7.8,0.58
#348,魂のルフラン?,25,153,6.74,2.21,130,698,4.6,0.27
#773,Bad Apple!! feat. nomico?,11,118,6.15,2.49,138,233,2,0.38
#670,にこ×にこ＝ハイパ`スマイルパワ`！?,14,107,6.3,2.75,190,260,2.4,0.37
#241,キラキラだとか簸坤趣 ～Sing Girls～?,25,113,7.2,3.03,180,613,5.4,0.37
#236,Song I am.?,21,102,7.34,3.33,190,559,5.5,0.46
#468,ひとりじゃないんだから?,18,104,7.25,3.25,220,400,3.9,0.5
#96,chAngE?,26,105,7.8,3.47,165,712,6.8,0.46
#226,チョコレイトの低音レシピ?,25,120,7.29,2.92,96,670,5.6,0.38
#933,みくみくにしてあげる?【してやんよ】?,8,103,5.88,2.66,160,139,1.4,0.37
#460,Home Street?,18,98,7.46,3.49,210,384,3.9,0.54
#578,Shangri-La?,16,112,6.73,2.84,156,324,2.9,0.43
#859,TWiNKLE CiRCLE?,9,110,6.07,2.6,192,174,1.6,0.39
#240,荬蓼挨欹恁蕙螗匹％氓?,24,112,7.37,3.12,170,608,5.4,0.41
#154,ノ`ポイッ！?,25,97,7.63,3.59,158,607,6.2,0.45
#622,君じゃなきゃダメみたい?,14,102,6.46,2.94,131,269,2.6,0.4
#362,Dragon Night?,23,111,7.31,3.1,124,500,4.5,0.43
#543,White Afternoon?,17,117,6.81,2.79,145,370,3.2,0.42
#169,Light Delight?,26,123,7.75,3.04,180,750,6.1,0.45
#87,ゆめゆめグラデ`ション?,26,109,7.71,3.34,135,742,6.8,0.44
#501,ONENESS?,18,122,6.95,2.74,190,445,3.6,0.43
#295,-HEROIC ADVENT-?,19,104,7.16,3.21,182,509,4.9,0.45
#791,しゅわりん☆どり～みん?,12,102,6.39,2.9,176,192,1.9,0.41
#582,Avant-garde HISTORY?,14,118,6.63,2.69,114,338,2.9,0.43
#725,ゆめゆめグラデ`ション?,13,109,6.66,2.89,135,236,2.2,0.46
#1046,い`あるふぁんくらぶ?,7,113,5.92,2.47,145,108,1,0.39
#314,R?,19,111,6.76,2.87,188,537,4.8,0.37
#56,[FULL] FIRE BIRD?,28,323,5.19,0.88,150,2331,7.2,0.17
#555,ガ`ルズコ`ド?,17,127,6.77,2.59,125,388,3.1,0.41
#82,CiRCLING?,25,120,7.32,2.93,160,823,6.9,0.38
#612,"Excellent (Hey, Let's Go!) (English Version)?",14,92,6.78,3.33,180,250,2.7,0.47
#871,奏（かなで）?,12,122,6.52,2.58,75,187,1.5,0.45
#946,えがお?シング?あ?ソング?,8,106,6.09,2.7,150,141,1.3,0.42
#350,Red fraction?,18,107,6.91,3.02,142,490,4.6,0.41
#921,Song I am.?,8,102,5.92,2.68,190,141,1.4,0.39
#134,Avant-garde HISTORY?,26,118,7.67,3.11,114,757,6.4,0.43
#836,White Afternoon?,12,117,6.42,2.63,145,195,1.7,0.44
#874,メランコリック?,8,117,6.08,2.49,140,178,1.5,0.41
#319,Life Will Change?,19,122,6.91,2.73,132,583,4.8,0.4
#845,Fantastic future?,8,112,6.52,2.75,172,182,1.6,0.51
#336,True color?,25,123,7.18,2.82,160,574,4.7,0.37
#765,ガ`ルズコ`ド?,13,127,6.3,2.41,125,255,2,0.38
#411,チョコレイトの低音レシピ?,17,120,6.59,2.63,96,505,4.2,0.36
#39,チェリボム?,26,106,7.8,3.43,190,785,7.4,0.45
#930,secret base～君がくれたもの～?,12,143,6.09,2.11,144,195,1.4,0.34
#1004,ガ`ルズコ`ド?,7,127,5.66,2.17,125,148,1.2,0.33
#1045,DAYS?,8,128,5.47,2.07,135,122,1,0.28
#955,Home Street?,7,98,6.21,2.9,210,129,1.3,0.47
#592,BLACK SHOUT?,16,110,6.95,2.98,185,309,2.8,0.46
#639,[FULL] FIRE BIRD?,15,323,4.55,0.77,150,826,2.6,0.17
#954,夏のド`ン！?,8,110,6.28,2.69,160,145,1.3,0.46
#146,UNSTOPPABLE?,26,102,8.06,3.65,170,646,6.3,0.52
#166,R?I?O?T?,26,121,7.73,3.07,140,743,6.1,0.46
#406,えがおのオ`ケストラっ！?,23,101,7.74,3.54,138,427,4.2,0.52
#1080,Yes! BanG_Dream!?,5,120,5.93,2.37,185,63,0.5,0.4
#764,Determination Symphony?,13,131,6.31,2.36,190,264,2,0.38
#233,Don't be afraid!?,25,120,7.25,2.89,180,661,5.5,0.38
#158,す、好きなんかじゃない！?,25,98,7.96,3.74,166,606,6.2,0.51
#170,ONENESS?,27,122,7.79,3.07,190,746,6.1,0.45
#391,オトモダチフィルム?,18,101,6.96,3.18,158,435,4.3,0.43
#666,恋は沌の_也?,13,107,6.29,2.75,158,262,2.4,0.38
#235,切ないSandglass?,25,111,7.76,3.31,183,606,5.5,0.47
#604,六兆年と一夜物Z?,14,104,6.55,2.94,186,286,2.8,0.42
#510,}のアクエリオン?,17,112,6.98,2.96,152,393,3.5,0.45
#795,イニシャル?,10,93,6.64,3.25,193,172,1.9,0.51
#583,Song I am.?,15,102,6.62,3,190,293,2.9,0.42
#392,エイリアンエイリアン?,20,113,7.42,3.11,152,486,4.3,0.49
#982,ときめきエクスペリエンス！?,8,107,6.04,2.65,180,130,1.2,0.4
#435,す、好きなんかじゃない！?,17,98,7.19,3.38,166,397,4.1,0.5
#971,FIRE BIRD?,9,131,6.02,2.25,150,166,1.3,0.38
#792,ひまわりのs束?,13,131,6.34,2.37,79,244,1.9,0.39
#756,Returns?,14,132,6.31,2.33,185,269,2,0.37
#3,天ノ弱?,28,111,7.68,3.28,200,967,8.8,0.4
#626,革命デュアリズム?,15,103,6.52,2.94,205,272,2.6,0.4
#245,夏のド`ン！?,24,110,7.63,3.26,160,594,5.4,0.47
#133,STAR BEAT!?ホシノコドウ??,26,133,7.33,2.7,195,854,6.4,0.37
#513,前へススメ！?,18,135,6.81,2.47,181,471,3.5,0.35
#345,Y.O.L.O！！！！！?,19,115,6.94,2.87,210,530,4.6,0.41
#649,Dreamers Go!?,14,106,6.36,2.81,185,267,2.5,0.38
#867,ぽっぴん'しゃっふる?,11,133,5.68,2.09,220,207,1.6,0.28
#750,Safe and Sound?,12,93,6.7,3.27,182,191,2.1,0.49
#814,"Excellent (Hey, Let's Go!) (English Version)?",10,92,6.32,3.11,180,163,1.8,0.45
#719,ミュ`ジック?アワ`?,13,125,6.43,2.5,135,275,2.2,0.41
#749,ドレミファロンド?,12,108,6.49,2.83,125,221,2.1,0.44
#896,1000回んだ空?,12,152,6.01,1.98,182,220,1.4,0.33
#122,“UNIONS”Road?,26,106,7.83,3.46,135,692,6.5,0.47
#652,[FULL] きゅ?まい＊flower?,15,218,4.57,1.11,183,544,2.5,0.19
#461,Don't be afraid!?,16,120,6.48,2.58,180,469,3.9,0.34
#682,FIRE BIRD?,14,131,6.74,2.52,150,310,2.4,0.46
#157,恋鄄门?,25,103,7.42,3.34,134,640,6.2,0.41
#902,瞬gセンチメンタル?,8,97,6.37,3.01,168,139,1.4,0.47
#665,恋鄄门?,14,103,6.51,2.93,134,252,2.4,0.42
#807,ロストワンの号哭?,10,120,6.14,2.46,162,217,1.8,0.39
#429,ハッピ`サマ`ウェディング?,18,111,6.78,2.89,128,456,4.1,0.38
#1007,Butter-Fly?,7,117,5.87,2.4,171,133,1.1,0.38
#978,八月のif?,7,115,6.23,2.58,120,142,1.2,0.46
#706,SAKURAスキップ?,13,105,6.64,2.96,165,240,2.3,0.45
#505,群青日和?,17,105,7.06,3.14,175,375,3.6,0.47
#185,からくりピエロ?,25,112,7.24,3.06,102,668,6,0.37
#509,Safe and Sound?,17,93,7.15,3.49,182,328,3.5,0.5
#459,secret base～君がくれたもの～?,25,143,7.32,2.53,144,560,3.9,0.4
#1079,魂のルフラン?,6,153,5.18,1.7,130,88,0.6,0.22
#387,ブル`ムブル`ム?,19,110,7.06,3.03,180,478,4.3,0.43
#414,プライド革命?,17,107,6.89,3.01,185,449,4.2,0.43
#659,ゆら?ゆらRing-Dong-Dance?,14,105,6.13,2.71,172,260,2.5,0.33
#145,シュガ`ソングとビタ`ステップ?,25,111,7.39,3.15,132,701,6.3,0.4
#192,花ハ踊レヤいろはにほ?,25,106,7.56,3.34,160,627,5.9,0.43
#45,Redo?,27,97,7.97,3.76,190,712,7.3,0.48
#1021,切ないSandglass?,7,111,5.93,2.53,183,120,1.1,0.4
#679,ハッピ`シンセサイザ?,12,142,5.85,2.04,127,339,2.4,0.28
#35,午夜の待ち合わせ?,26,99,7.94,3.69,189,735,7.4,0.49
#817,檄！帝国A?,10,123,5.86,2.31,143,215,1.8,0.33
#211,1000回んだ空?,26,152,7.17,2.36,182,868,5.7,0.34
#340,光るなら?,23,115,7.18,2.97,160,531,4.6,0.4
#558,Stay Alive?,17,94,6.91,3.34,140,287,3,0.46
#1005,どきどきSING OUT!?,8,114,5.8,2.41,194,133,1.2,0.35
#110,Y.O.L.O！！！！！?,26,115,7.78,3.21,210,768,6.7,0.45
#637,ロキ?,14,109,6.74,2.91,150,281,2.6,0.46
#130,ハッピ`シンセサイザ?,25,142,6.92,2.42,127,917,6.5,0.29
#361,SAKURAスキップ?,18,105,7.21,3.21,165,471,4.5,0.48
#718,"Don't say ""lazy""?",12,127,6.38,2.44,181,280,2.2,0.4
#373,最高（さあ行こう）！?,20,114,7.03,2.93,180,506,4.4,0.41
#1063,前へススメ！?,6,135,6.03,2.19,181,105,0.8,0.41
#972,新宝u?,8,128,5.86,2.23,158,161,1.3,0.36
#180,1/3の情な感情?,25,102,7.67,3.49,152,614,6,0.46
#197,最高（さあ行こう）！?,26,114,7.56,3.15,180,666,5.8,0.42
#783,BLACK SHOUT?,13,110,6.77,2.9,185,214,1.9,0.48
#222,ハピネスっ！ハピィ`マジカルっ??,25,101,7.59,3.48,184,569,5.6,0.45
#61,Hello! Wink!?,26,100,7.96,3.66,152,721,7.2,0.49
#7,Paradisus-Paradoxum?,28,94,8.14,3.92,201,813,8.6,0.49
#48,R?,26,111,7.57,3.22,188,811,7.3,0.41
#347,あっつあつ 常夏 らぶ☆サマ`！?,19,110,7.03,3.02,172,502,4.6,0.43
#893,Wonderland Girl?,8,116,5.6,2.31,137,168,1.5,0.3
#1076,Don't be afraid!?,6,120,5.62,2.24,180,75,0.6,0.37
#344,BLACK SHOUT?,25,110,7.68,3.29,185,506,4.6,0.47
#407,シュガ`ソングとビタ`ステップ?,19,111,6.8,2.89,132,469,4.2,0.37
